--
-- PostgreSQL database dump
--

-- Dumped from database version 14.5
-- Dumped by pg_dump version 14.5

-- Started on 2022-12-08 16:46:19

SET statement_timeout = 0;
SET lock_timeout = 0;
SET idle_in_transaction_session_timeout = 0;
SET client_encoding = 'UTF8';
SET standard_conforming_strings = on;
SELECT pg_catalog.set_config('search_path', '', false);
SET check_function_bodies = false;
SET xmloption = content;
SET client_min_messages = warning;
SET row_security = off;

SET default_tablespace = '';

SET default_table_access_method = heap;

--
-- TOC entry 210 (class 1259 OID 16704)
-- Name: category; Type: TABLE; Schema: public; Owner: postgres
--

CREATE TABLE public.category (
    id integer NOT NULL,
    name character varying(255)
);


ALTER TABLE public.category OWNER TO postgres;

--
-- TOC entry 209 (class 1259 OID 16703)
-- Name: category_id_seq; Type: SEQUENCE; Schema: public; Owner: postgres
--

ALTER TABLE public.category ALTER COLUMN id ADD GENERATED BY DEFAULT AS IDENTITY (
    SEQUENCE NAME public.category_id_seq
    START WITH 1
    INCREMENT BY 1
    NO MINVALUE
    NO MAXVALUE
    CACHE 1
);


--
-- TOC entry 212 (class 1259 OID 16710)
-- Name: image; Type: TABLE; Schema: public; Owner: postgres
--

CREATE TABLE public.image (
    id integer NOT NULL,
    file_name character varying(255),
    product_id integer NOT NULL
);


ALTER TABLE public.image OWNER TO postgres;

--
-- TOC entry 211 (class 1259 OID 16709)
-- Name: image_id_seq; Type: SEQUENCE; Schema: public; Owner: postgres
--

ALTER TABLE public.image ALTER COLUMN id ADD GENERATED BY DEFAULT AS IDENTITY (
    SEQUENCE NAME public.image_id_seq
    START WITH 1
    INCREMENT BY 1
    NO MINVALUE
    NO MAXVALUE
    CACHE 1
);


--
-- TOC entry 214 (class 1259 OID 16716)
-- Name: orders; Type: TABLE; Schema: public; Owner: postgres
--

CREATE TABLE public.orders (
    id integer NOT NULL,
    count integer NOT NULL,
    date_time timestamp without time zone,
    number character varying(255),
    price real NOT NULL,
    status integer,
    person_id integer NOT NULL,
    product_id integer NOT NULL
);


ALTER TABLE public.orders OWNER TO postgres;

--
-- TOC entry 213 (class 1259 OID 16715)
-- Name: orders_id_seq; Type: SEQUENCE; Schema: public; Owner: postgres
--

ALTER TABLE public.orders ALTER COLUMN id ADD GENERATED BY DEFAULT AS IDENTITY (
    SEQUENCE NAME public.orders_id_seq
    START WITH 1
    INCREMENT BY 1
    NO MINVALUE
    NO MAXVALUE
    CACHE 1
);


--
-- TOC entry 216 (class 1259 OID 16722)
-- Name: person; Type: TABLE; Schema: public; Owner: postgres
--

CREATE TABLE public.person (
    id integer NOT NULL,
    login character varying(50),
    password character varying(255),
    role character varying(255)
);


ALTER TABLE public.person OWNER TO postgres;

--
-- TOC entry 215 (class 1259 OID 16721)
-- Name: person_id_seq; Type: SEQUENCE; Schema: public; Owner: postgres
--

ALTER TABLE public.person ALTER COLUMN id ADD GENERATED BY DEFAULT AS IDENTITY (
    SEQUENCE NAME public.person_id_seq
    START WITH 1
    INCREMENT BY 1
    NO MINVALUE
    NO MAXVALUE
    CACHE 1
);


--
-- TOC entry 218 (class 1259 OID 16730)
-- Name: product; Type: TABLE; Schema: public; Owner: postgres
--

CREATE TABLE public.product (
    id integer NOT NULL,
    date_time_of_created timestamp without time zone,
    description text NOT NULL,
    price real NOT NULL,
    seller character varying(255) NOT NULL,
    title text NOT NULL,
    warehouse character varying(255) NOT NULL,
    category_id integer NOT NULL,
    CONSTRAINT product_price_check CHECK ((price >= (1)::double precision))
);


ALTER TABLE public.product OWNER TO postgres;

--
-- TOC entry 220 (class 1259 OID 16739)
-- Name: product_cart; Type: TABLE; Schema: public; Owner: postgres
--

CREATE TABLE public.product_cart (
    id integer NOT NULL,
    person_id integer,
    product_id integer
);


ALTER TABLE public.product_cart OWNER TO postgres;

--
-- TOC entry 219 (class 1259 OID 16738)
-- Name: product_cart_id_seq; Type: SEQUENCE; Schema: public; Owner: postgres
--

ALTER TABLE public.product_cart ALTER COLUMN id ADD GENERATED BY DEFAULT AS IDENTITY (
    SEQUENCE NAME public.product_cart_id_seq
    START WITH 1
    INCREMENT BY 1
    NO MINVALUE
    NO MAXVALUE
    CACHE 1
);


--
-- TOC entry 217 (class 1259 OID 16729)
-- Name: product_id_seq; Type: SEQUENCE; Schema: public; Owner: postgres
--

ALTER TABLE public.product ALTER COLUMN id ADD GENERATED BY DEFAULT AS IDENTITY (
    SEQUENCE NAME public.product_id_seq
    START WITH 1
    INCREMENT BY 1
    NO MINVALUE
    NO MAXVALUE
    CACHE 1
);


--
-- TOC entry 3350 (class 0 OID 16704)
-- Dependencies: 210
-- Data for Name: category; Type: TABLE DATA; Schema: public; Owner: postgres
--

INSERT INTO public.category (id, name) VALUES (1, 'new');
INSERT INTO public.category (id, name) VALUES (2, 'Бытовая техника');
INSERT INTO public.category (id, name) VALUES (3, 'Сетевое оборудование');
INSERT INTO public.category (id, name) VALUES (4, 'Автотовары');


--
-- TOC entry 3352 (class 0 OID 16710)
-- Dependencies: 212
-- Data for Name: image; Type: TABLE DATA; Schema: public; Owner: postgres
--

INSERT INTO public.image (id, file_name, product_id) VALUES (1, 'af4e893f-f92d-4ca4-af6f-034b5af9e635.2.jpg', 2);
INSERT INTO public.image (id, file_name, product_id) VALUES (2, '479f7f59-aabf-4ddc-9d61-86390f944a2a.', 2);
INSERT INTO public.image (id, file_name, product_id) VALUES (3, '1d7cb952-ed20-4358-8595-ecfac8972d67.', 2);
INSERT INTO public.image (id, file_name, product_id) VALUES (4, 'eb2c4f0f-e274-4660-89e8-4c30bcadf584.', 2);
INSERT INTO public.image (id, file_name, product_id) VALUES (5, '1531c241-7da0-4a52-808c-b8e90d0be508.', 2);
INSERT INTO public.image (id, file_name, product_id) VALUES (6, 'ef6267c9-296e-49ad-9513-229b9e40dec9.1.jpg', 3);
INSERT INTO public.image (id, file_name, product_id) VALUES (7, '3b0867ba-18f5-41f0-8f05-d98da822fe7e.2.jpg', 3);
INSERT INTO public.image (id, file_name, product_id) VALUES (8, 'a50e84a8-e222-4b0a-85ba-2caeb28f6221.3.jpg', 3);
INSERT INTO public.image (id, file_name, product_id) VALUES (9, 'd768b0b8-09f1-4c9a-b2bb-cabf01efdb93.4.jpg', 3);
INSERT INTO public.image (id, file_name, product_id) VALUES (10, 'd11eabfc-d376-496a-bc15-28abe32cb61d.5.jpg', 3);
INSERT INTO public.image (id, file_name, product_id) VALUES (16, '15c955a1-94d1-4672-8a5f-f3481154ad8b.1.jpg', 5);
INSERT INTO public.image (id, file_name, product_id) VALUES (17, '382ebb8d-e643-48db-9012-2da3bd39dac8.2.jpg', 5);
INSERT INTO public.image (id, file_name, product_id) VALUES (18, 'b2ed0c52-fba3-493d-86a6-9dabe9d724a6.3.jpg', 5);
INSERT INTO public.image (id, file_name, product_id) VALUES (19, '400414ed-3d04-438d-9b1e-d562a8708563.4.jpg', 5);
INSERT INTO public.image (id, file_name, product_id) VALUES (20, '8a13f864-0328-4ed3-b48c-8a0f4b9f808a.5.jpg', 5);
INSERT INTO public.image (id, file_name, product_id) VALUES (21, '3518f611-0d4e-4225-b19c-3964d46f7a17.1.jpg', 6);
INSERT INTO public.image (id, file_name, product_id) VALUES (22, '78730ed7-94f9-441b-a899-d6554e0146b8.2.jpg', 6);
INSERT INTO public.image (id, file_name, product_id) VALUES (23, 'f0c33225-2ef5-4a32-8d51-e908902c2daa.3.jpg', 6);
INSERT INTO public.image (id, file_name, product_id) VALUES (24, '244e952c-07af-4320-98b3-08856b7b42f4.4.jpg', 6);
INSERT INTO public.image (id, file_name, product_id) VALUES (25, 'bdf0990e-89eb-4b88-aef1-d210183d4aea.5.jpg', 6);
INSERT INTO public.image (id, file_name, product_id) VALUES (26, 'd2c11725-dba6-4c8e-b67e-bb75503d530d.1.jpg', 7);
INSERT INTO public.image (id, file_name, product_id) VALUES (27, '4e0a2a1a-9978-4618-8173-fc31e95c5129.2.jpg', 7);
INSERT INTO public.image (id, file_name, product_id) VALUES (28, '12028153-4ffb-4571-9e2f-d0947d5521b9.3.jpg', 7);
INSERT INTO public.image (id, file_name, product_id) VALUES (29, '95819e3e-d7a7-4428-9b33-9ede6ec6d117.4.jpg', 7);
INSERT INTO public.image (id, file_name, product_id) VALUES (30, 'f471629a-403d-4f14-922b-a531e465174a.5.jpg', 7);
INSERT INTO public.image (id, file_name, product_id) VALUES (31, 'f0801ac3-859d-4af3-a5ca-44d9b6b17d9c.1.jpg', 8);
INSERT INTO public.image (id, file_name, product_id) VALUES (32, '19893099-be8d-4ba9-ae00-7d2bfbc1e49d.2.jpg', 8);
INSERT INTO public.image (id, file_name, product_id) VALUES (33, '47bd4d9b-adc8-46ea-a15d-a2d4dfc0e777.3.jpg', 8);
INSERT INTO public.image (id, file_name, product_id) VALUES (34, '43b0127b-f3cd-4628-b7c0-ee1fe504ae0b.4.jpg', 8);
INSERT INTO public.image (id, file_name, product_id) VALUES (35, 'd0daf42a-3c2c-40e5-8931-98f8db915fdb.5.jpg', 8);
INSERT INTO public.image (id, file_name, product_id) VALUES (36, 'adc80da8-0bbc-4a51-849f-53c254198883.1.jpg', 9);
INSERT INTO public.image (id, file_name, product_id) VALUES (37, '44af903e-2405-48e4-8022-ac0ba53088fc.2.jpg', 9);
INSERT INTO public.image (id, file_name, product_id) VALUES (38, 'c7b652bc-7520-45ef-a7a5-df85c4ab42ce.3.jpg', 9);
INSERT INTO public.image (id, file_name, product_id) VALUES (39, 'bcc50b04-b2bb-4ef5-a400-c0ce2b0237ac.4.jpg', 9);
INSERT INTO public.image (id, file_name, product_id) VALUES (40, '07578d73-e4ab-42c9-83c2-1f7fff00455a.5.jpg', 9);
INSERT INTO public.image (id, file_name, product_id) VALUES (41, 'c13b9833-7d64-4686-8741-e6795ab32ca5.1.jpg', 10);
INSERT INTO public.image (id, file_name, product_id) VALUES (42, '76ce2bdd-a087-43eb-90ba-21a946313705.2.jpg', 10);
INSERT INTO public.image (id, file_name, product_id) VALUES (43, '04ee843f-98a0-4e4e-aa42-cf331209c886.3.jpg', 10);
INSERT INTO public.image (id, file_name, product_id) VALUES (44, '8bb5f10e-0ca6-4bd7-977e-cd3416dcf812.4.jpg', 10);
INSERT INTO public.image (id, file_name, product_id) VALUES (45, '2afbde53-fe5f-475f-bf8d-25b362053e4f.5.jpg', 10);
INSERT INTO public.image (id, file_name, product_id) VALUES (46, '568a485f-23c5-40d7-9b47-9248b2cd8dad.1.jpg', 11);
INSERT INTO public.image (id, file_name, product_id) VALUES (47, '58a2775e-cc64-4dc6-8ab8-cd9eeec91b2d.2.jpg', 11);
INSERT INTO public.image (id, file_name, product_id) VALUES (48, '950ebcbd-5ed7-4668-a361-31e8a440da6b.3.jpg', 11);
INSERT INTO public.image (id, file_name, product_id) VALUES (49, '96e68dd9-9188-4f93-bb96-e7d9b1e0eeb7.4.jpg', 11);
INSERT INTO public.image (id, file_name, product_id) VALUES (50, '4c16e2b1-0f90-48c5-803c-ea1208eb4fb3.5.jpg', 11);
INSERT INTO public.image (id, file_name, product_id) VALUES (51, 'b88ba8f9-66d8-4cf8-95c0-bc9811be99d6.1.jpg', 12);
INSERT INTO public.image (id, file_name, product_id) VALUES (52, 'c54f8225-736c-456f-8cfa-a33ad20b4a7e.2.jpg', 12);
INSERT INTO public.image (id, file_name, product_id) VALUES (53, 'f98063f4-33c4-426d-8576-12cbf2a6f33c.3.jpg', 12);
INSERT INTO public.image (id, file_name, product_id) VALUES (54, 'a9966bca-9d11-4457-949e-cb7d9a8b7a6d.4.jpg', 12);
INSERT INTO public.image (id, file_name, product_id) VALUES (55, '76cc6526-0b08-43b8-917b-5fb107d8f033.5.jpg', 12);


--
-- TOC entry 3354 (class 0 OID 16716)
-- Dependencies: 214
-- Data for Name: orders; Type: TABLE DATA; Schema: public; Owner: postgres
--

INSERT INTO public.orders (id, count, date_time, number, price, status, person_id, product_id) VALUES (1, 1, '2022-12-07 16:41:35.741107', 'b6f618e3-6182-4bac-9403-ddcfd4587ad3', 7, 1, 2, 2);
INSERT INTO public.orders (id, count, date_time, number, price, status, person_id, product_id) VALUES (2, 1, '2022-12-07 19:45:56.629108', '012fbb05-3e3a-416e-bc3a-1c6ea75f056b', 7, 1, 2, 2);
INSERT INTO public.orders (id, count, date_time, number, price, status, person_id, product_id) VALUES (3, 1, '2022-12-08 15:00:32.887729', '1af890ce-4f60-420c-af75-8bd888bfdf8d', 15999, 1, 2, 3);


--
-- TOC entry 3356 (class 0 OID 16722)
-- Dependencies: 216
-- Data for Name: person; Type: TABLE DATA; Schema: public; Owner: postgres
--

INSERT INTO public.person (id, login, password, role) VALUES (1, 'admin', '$2a$10$9DxF5t49z4K/zyA7LarJjO3O.tIT7iIAziChBsvISIDzVs4bgbTXK', 'ROLE_ADMIN');
INSERT INTO public.person (id, login, password, role) VALUES (2, 'user_new', '$2a$10$oB5dRfG1frChh./kBrj22.h9aFUyZgshvvSFAWUir3HTFgKTRYaIa', 'ROLE_USER');


--
-- TOC entry 3358 (class 0 OID 16730)
-- Dependencies: 218
-- Data for Name: product; Type: TABLE DATA; Schema: public; Owner: postgres
--

INSERT INTO public.product (id, date_time_of_created, description, price, seller, title, warehouse, category_id) VALUES (3, '2022-12-08 13:39:25.566646', 'Стиральная машина DEXP WM-F610NTMA/WW - настоящий эксперт в безупречной чистоте любой одежды независимо от типа ткани, из которой она изготовлена, и степени загрязненности. Автоматическая модель имеет стандартную белую расцветку корпуса, благодаря которой она идеально впишется в любой интерьер.', 15999, 'DNS', 'Стиральная машина DEXP WM-F610NTMA', 'Ростов-на-Дону', 2);
INSERT INTO public.product (id, date_time_of_created, description, price, seller, title, warehouse, category_id) VALUES (5, '2022-12-08 13:54:51.050873', 'Холодильник компактный DEXP RF-SD050RMA/R – компактный аппарат размером 44x50x48.3 см, который будет полезен для комнат общежитий, коммунальных квартир, дач, загородных домов. Он выполнен в красном корпусе насыщенного оттенка, поэтому сможет вписаться в любой интерьер. Надежность этого холодильного агрегата обусловлена внешним металлическим покрытием, устойчивым к механическим воздействиям. В качестве хладагента он использует R600a – безопасное для человека и окружающей среды вещество.
В верхней части основного отделения DEXP RF-SD050RMA/R находится маленькая морозильная камера, которая предусматривает наличие отдельной дверцы. Основное отделение закрывается большой дверцей. Для исправной работы аппарата следует периодически его размораживать вручную. Модель предусматривает нулевой зазор дверцы, за счет чего холодильник можно устанавливать вплотную к стенам, не боясь, что дверь будет открываться не до конца.', 7499, 'DNS', 'Характеристики Холодильник компактный DEXP RF-SD050RMA', 'Ростов-на-Дону', 2);
INSERT INTO public.product (id, date_time_of_created, description, price, seller, title, warehouse, category_id) VALUES (6, '2022-12-08 13:59:20.259581', 'Благодаря черному корпусу с лаконичным дизайном микроволновая печь DEXP MS-70 отлично впишется в кухню с любым интерьером. Камера вмещает 20 л и дополняется удобным поворотным столом со стеклянным блюдом диаметром 25.5 см. С эмалированных стенок легко удаляются засохшие частички пищи. Для простоты ухода перед очисткой камеры можно поставить на 1-2 минуты стакан с водой и лимонной кислотой.
Прибор DEXP MS-70 не имеет уникальных автопрограмм, но простые поворотные рычаги позволят легко подобрать нужное время и мощность работы. 35 минут таймера вполне хватает для разморозки мяса и прочих продуктов или разогрева готового блюда. Классическая навесная дверца легко открывается с помощью ручки.', 3799, 'DNS', 'Микроволновая печь DEXP MS-70', 'Ростов-на-Дону', 2);
INSERT INTO public.product (id, date_time_of_created, description, price, seller, title, warehouse, category_id) VALUES (7, '2022-12-08 14:06:03.490938', 'Беспроводной маршрутизатор Tenda F3 подходит для использования дома или, например, в офисе, с его помощью вам удастся создать беспроводную сеть с высокой безопасностью.
Настроить Tenda F3 3x10/100Base-TX + 802.11n очень просто – всего лишь три шага, и беспроводной маршрутизатор готов к работе. Возможность поддержки WEP и WPA2 обеспечивает защиту от внедрения в вашу сеть посторонних устройств.
А для подключения дополнительных устройств к сети не нужно тратить время на введение пароля благодаря имеющейся кнопке WPS.', 950, 'DNS', 'Wi-Fi роутер Tenda F3', 'Ростов-на-Дону', 3);
INSERT INTO public.product (id, date_time_of_created, description, price, seller, title, warehouse, category_id) VALUES (8, '2022-12-08 14:10:10.366495', 'Wi-Fi адаптер Mercusys MW150US необходим для использования с компьютерами, лишенными модуля для подключения к беспроводной сети. Одно из главных преимуществ данного изделия – компактные размеры. Производитель постарался максимально уменьшить его габариты, а адаптер вполне можно переносить с собой при необходимости.
Его подключение к компьютеру происходит через разъем USB. Адаптер Mercusys MW150US подходит для ПК, работающих на операционной системе Windows XP и выше. Эта ОС является самой распространенной в мире, за счет чего обеспечивается совместимость данного устройства с различными компьютерами.
Антенна у адаптера внутренняя. Подобное размещение исключает возможность ее повреждения при эксплуатации. Данный модуль поддерживает стандарты Wi-Fi 802.11b/g/n и частоту 2.4 ГГц. Скорость беспроводного соединения через него достигает 150 Мбит/с. Этого достаточно для любых задач, можно комфортно серфить в Интернете, просматривать сообщения, скачивать файлы, запускать потоковое воспроизведение видео.', 350, 'DNS', 'Wi-Fi адаптер Mercusys MW150US', 'Ростов-на-Дону', 3);
INSERT INTO public.product (id, date_time_of_created, description, price, seller, title, warehouse, category_id) VALUES (2, NULL, 'Мужская футбольная куртка для тренировок в прохладную погоду. Утепленная модель дополнена стегаными вставками на подкладке и рукавах. Застежка на молнию и глубокий прилегающий капюшон. Современный приталенный крой.', 11249, 'ВАЙЛДБЕРРИЗ', 'Куртка Adidas', 'Коледино', 1);
INSERT INTO public.product (id, date_time_of_created, description, price, seller, title, warehouse, category_id) VALUES (9, NULL, 'Роутер MQ531 представляет собой компактное и функциональное решение для использования в дороге или на даче. Модель совместима с SIM-картами различных операторов связи, может работать в сетях 4G LTE и способна обеспечить беспроводной доступ к сети Wi-Fi одновременно для 10 различных устройств. Благодаря поддержке стандарта 802.11n и работе на частоте 2.4 ГГц скорость соединения может достигать 150 Мбит/с. Поддержка роутером ряда протоколов безопасности WPA обеспечит надежную защиту сети от различных угроз. Кроме того, устройство поддерживает установку карт памяти microSD, что позволяет использовать его в качестве миниатюрного сервера.
Роутер MQ531 выполнен в компактном и легком корпусе, что позволит легко брать его с собой. Модель проста в настройке и легко подключается к устройствам, работающим на базе ОС Android, iOS, Windows или macOS. В качестве источника питания используется встроенный аккумулятор, способный обеспечить продолжительное время автономной работы. Комплектация модели включает в себя адаптер питания и USB-кабель.', 1899, 'DNS', 'Роутер MQ531', 'Ростов-на-Дону', 3);
INSERT INTO public.product (id, date_time_of_created, description, price, seller, title, warehouse, category_id) VALUES (10, '2022-12-08 14:20:04.864354', 'Автопроигрыватель SoundMAX SM-CCR3056F лишен традиционного для автомагнитол прошлого дискового привода, но это лишь сделало его более простым и надежным в эксплуатации. Музыку он воспроизводит с присоединяемого к разъему USB на передней панели цифрового накопителя. Встроенный усилитель имеет четыре канала по 40 Вт мощностью, что позволит проигрывать музыку через четыре автомобильных динамика, расположенных в салоне.
Как и любая автомагнитола, SoundMAX SM-CCR3056F располагает не только музыкальным плеером, но и радиоприемником, позволяющим слушать радио на коротких частотах. Передняя панель компактного устройства выполнена черной, дисплей подсвечивается белыми диодами, а кнопки имеют яркую оранжевую подсветку. Проигрыватель будет хорошим вариантом автомобильной аудиосистемы.', 999, 'DNS', 'Автопроигрыватель Soundmax SM-CCR3056F', 'Ростов-на-Дону', 4);
INSERT INTO public.product (id, date_time_of_created, description, price, seller, title, warehouse, category_id) VALUES (11, '2022-12-08 14:23:03.175187', 'Видеорегистратор Rekam F105 представляет собой компактное и функциональное решение для использования в автомобиле. Данная модель использует производительный чипсет и качественную матрицу, благодаря которым обеспечивается запись видео с разрешением 1280x720 пикселей при частоте до 30 кадр./с, что делает картинку плавной и детализированной. Угол обзора объектива составляет 95°, что позволяет вместить в кадр больше событий, а возможность циклической записи поможет не упустить ни одной детали возможного происшествия. Для хранения отснятых материалов используется карта памяти microSDHC емкостью до 32 ГБ. Также возможна передача файлов на компьютер за счет расположенного на корпусе выхода mini-USB.
Видеорегистратор Rekam F105 отличается компактными размерами корпуса и лаконичным дизайном, благодаря чему легко дополнит собой салон вашего автомобиля. Управление устройством осуществляется при помощи механических кнопок и дисплея размером 2.2". Для установки используется крепление-присоска с поворотным механизмом, а питание осуществляется от бортовой сети автомобиля или встроенного аккумулятора. Регистратор поставляется вместе автомобильным адаптером, USB-кабелем и креплением.', 950, 'DNS', 'Видеорегистратор Rekam F105', 'Ростов-на-Дону', 4);
INSERT INTO public.product (id, date_time_of_created, description, price, seller, title, warehouse, category_id) VALUES (12, '2022-12-08 14:27:48.057842', 'Пусковое устройство АВТОСТАРТ MT2021 станет незаменимым в дороге, когда заряд аккумулятора на исходе. Благодаря пусковому току, который он подает, можно завести бензиновый и даже дизельный двигатель. Для подключения к аккумулятору нужно воспользоваться клеммами, соблюдая полярность. После этого просто наживается кнопка включения на корпусе.
АВТОСТАРТ MT2021 рассчитан на 1000 циклов включений. Встроенный LED-фонарь делает устройство полезным в разных дорожных ситуациях, в том числе и для ремонта. Особенность модели в использовании мощного аккумулятора емкостью 8000 мА·ч. Благодаря этому пусковое устройство может применяться для зарядки мобильной и цифровой техники. Для подключения на корпусе предусмотрен USB-порт.', 1999, 'DNS', 'Пусковое устройство АВТОСТАРТ MT2021', 'Ростов-на-Дону', 4);


--
-- TOC entry 3360 (class 0 OID 16739)
-- Dependencies: 220
-- Data for Name: product_cart; Type: TABLE DATA; Schema: public; Owner: postgres
--



--
-- TOC entry 3366 (class 0 OID 0)
-- Dependencies: 209
-- Name: category_id_seq; Type: SEQUENCE SET; Schema: public; Owner: postgres
--

SELECT pg_catalog.setval('public.category_id_seq', 4, true);


--
-- TOC entry 3367 (class 0 OID 0)
-- Dependencies: 211
-- Name: image_id_seq; Type: SEQUENCE SET; Schema: public; Owner: postgres
--

SELECT pg_catalog.setval('public.image_id_seq', 55, true);


--
-- TOC entry 3368 (class 0 OID 0)
-- Dependencies: 213
-- Name: orders_id_seq; Type: SEQUENCE SET; Schema: public; Owner: postgres
--

SELECT pg_catalog.setval('public.orders_id_seq', 3, true);


--
-- TOC entry 3369 (class 0 OID 0)
-- Dependencies: 215
-- Name: person_id_seq; Type: SEQUENCE SET; Schema: public; Owner: postgres
--

SELECT pg_catalog.setval('public.person_id_seq', 2, true);


--
-- TOC entry 3370 (class 0 OID 0)
-- Dependencies: 219
-- Name: product_cart_id_seq; Type: SEQUENCE SET; Schema: public; Owner: postgres
--

SELECT pg_catalog.setval('public.product_cart_id_seq', 4, true);


--
-- TOC entry 3371 (class 0 OID 0)
-- Dependencies: 217
-- Name: product_id_seq; Type: SEQUENCE SET; Schema: public; Owner: postgres
--

SELECT pg_catalog.setval('public.product_id_seq', 12, true);


--
-- TOC entry 3191 (class 2606 OID 16708)
-- Name: category category_pkey; Type: CONSTRAINT; Schema: public; Owner: postgres
--

ALTER TABLE ONLY public.category
    ADD CONSTRAINT category_pkey PRIMARY KEY (id);


--
-- TOC entry 3193 (class 2606 OID 16714)
-- Name: image image_pkey; Type: CONSTRAINT; Schema: public; Owner: postgres
--

ALTER TABLE ONLY public.image
    ADD CONSTRAINT image_pkey PRIMARY KEY (id);


--
-- TOC entry 3195 (class 2606 OID 16720)
-- Name: orders orders_pkey; Type: CONSTRAINT; Schema: public; Owner: postgres
--

ALTER TABLE ONLY public.orders
    ADD CONSTRAINT orders_pkey PRIMARY KEY (id);


--
-- TOC entry 3197 (class 2606 OID 16728)
-- Name: person person_pkey; Type: CONSTRAINT; Schema: public; Owner: postgres
--

ALTER TABLE ONLY public.person
    ADD CONSTRAINT person_pkey PRIMARY KEY (id);


--
-- TOC entry 3203 (class 2606 OID 16743)
-- Name: product_cart product_cart_pkey; Type: CONSTRAINT; Schema: public; Owner: postgres
--

ALTER TABLE ONLY public.product_cart
    ADD CONSTRAINT product_cart_pkey PRIMARY KEY (id);


--
-- TOC entry 3199 (class 2606 OID 16737)
-- Name: product product_pkey; Type: CONSTRAINT; Schema: public; Owner: postgres
--

ALTER TABLE ONLY public.product
    ADD CONSTRAINT product_pkey PRIMARY KEY (id);


--
-- TOC entry 3201 (class 2606 OID 16745)
-- Name: product uk_qka6vxqdy1dprtqnx9trdd47c; Type: CONSTRAINT; Schema: public; Owner: postgres
--

ALTER TABLE ONLY public.product
    ADD CONSTRAINT uk_qka6vxqdy1dprtqnx9trdd47c UNIQUE (title);


--
-- TOC entry 3205 (class 2606 OID 16751)
-- Name: orders fk1b0m4muwx1t377w9if3w6wwqn; Type: FK CONSTRAINT; Schema: public; Owner: postgres
--

ALTER TABLE ONLY public.orders
    ADD CONSTRAINT fk1b0m4muwx1t377w9if3w6wwqn FOREIGN KEY (person_id) REFERENCES public.person(id);


--
-- TOC entry 3207 (class 2606 OID 16761)
-- Name: product fk1mtsbur82frn64de7balymq9s; Type: FK CONSTRAINT; Schema: public; Owner: postgres
--

ALTER TABLE ONLY public.product
    ADD CONSTRAINT fk1mtsbur82frn64de7balymq9s FOREIGN KEY (category_id) REFERENCES public.category(id);


--
-- TOC entry 3206 (class 2606 OID 16756)
-- Name: orders fk787ibr3guwp6xobrpbofnv7le; Type: FK CONSTRAINT; Schema: public; Owner: postgres
--

ALTER TABLE ONLY public.orders
    ADD CONSTRAINT fk787ibr3guwp6xobrpbofnv7le FOREIGN KEY (product_id) REFERENCES public.product(id);


--
-- TOC entry 3204 (class 2606 OID 16746)
-- Name: image fkgpextbyee3uk9u6o2381m7ft1; Type: FK CONSTRAINT; Schema: public; Owner: postgres
--

ALTER TABLE ONLY public.image
    ADD CONSTRAINT fkgpextbyee3uk9u6o2381m7ft1 FOREIGN KEY (product_id) REFERENCES public.product(id);


--
-- TOC entry 3209 (class 2606 OID 16771)
-- Name: product_cart fkhpnrxdy3jhujameyod08ilvvw; Type: FK CONSTRAINT; Schema: public; Owner: postgres
--

ALTER TABLE ONLY public.product_cart
    ADD CONSTRAINT fkhpnrxdy3jhujameyod08ilvvw FOREIGN KEY (product_id) REFERENCES public.product(id);


--
-- TOC entry 3208 (class 2606 OID 16766)
-- Name: product_cart fksgnkc1ko2i1o9yr2p63ysq3rn; Type: FK CONSTRAINT; Schema: public; Owner: postgres
--

ALTER TABLE ONLY public.product_cart
    ADD CONSTRAINT fksgnkc1ko2i1o9yr2p63ysq3rn FOREIGN KEY (person_id) REFERENCES public.person(id);


-- Completed on 2022-12-08 16:46:20

--
-- PostgreSQL database dump complete
--

